{"cameraMode":{"drawMode":0,"name":"Shaded","section":"Shading Mode"},"sceneLighting":true,"audioPlay":false,"sceneViewState":{"showFog":true,"showMaterialUpdate":false,"showSkybox":true,"showFlares":true,"showImageEffects":true,"showParticleSystems":true},"in2DMode":false,"pivot":{"x":2.8516316413879396,"y":4.992855548858643,"z":43.513938903808597},"rotation":{"x":0.20309612154960633,"y":0.6863534450531006,"z":-0.21006552875041963,"w":0.6665680408477783},"size":0.17697836458683015,"orthographic":true}