{"cameraMode":{"drawMode":0,"name":"Shaded","section":"Shading Mode"},"sceneLighting":false,"audioPlay":false,"sceneViewState":{"showFog":true,"showMaterialUpdate":false,"showSkybox":false,"showFlares":true,"showImageEffects":true,"showParticleSystems":true},"in2DMode":false,"pivot":{"x":2.9308905601501467,"y":5.014469146728516,"z":43.607540130615237},"rotation":{"x":0.0002848427393473685,"y":0.9991989135742188,"z":-0.04590173438191414,"w":0.01609964855015278},"size":0.08846540749073029,"orthographic":true}