{"cameraMode":{"drawMode":0,"name":"Shaded","section":"Shading Mode"},"sceneLighting":true,"audioPlay":false,"sceneViewState":{"showFog":true,"showMaterialUpdate":false,"showSkybox":true,"showFlares":true,"showImageEffects":true,"showParticleSystems":true},"in2DMode":false,"pivot":{"x":17.1664981842041,"y":5.197104454040527,"z":5.934259414672852},"rotation":{"x":-0.10340713709592819,"y":-0.8685199618339539,"z":0.2042715847492218,"w":-0.4396413266658783},"size":6.912437438964844,"orthographic":false}