{"cameraMode":{"drawMode":0,"name":"Shaded","section":"Shading Mode"},"sceneLighting":true,"audioPlay":false,"sceneViewState":{"showFog":true,"showMaterialUpdate":false,"showSkybox":true,"showFlares":true,"showImageEffects":true,"showParticleSystems":true},"in2DMode":false,"pivot":{"x":25.27059555053711,"y":5.04310941696167,"z":30.561616897583009},"rotation":{"x":0.01184043474495411,"y":0.983083188533783,"z":-0.17039819061756135,"w":0.07037755101919174},"size":0.13175107538700105,"orthographic":true}