{"cameraMode":{"drawMode":0,"name":"Shaded","section":"Shading Mode"},"sceneLighting":true,"audioPlay":false,"sceneViewState":{"showFog":true,"showMaterialUpdate":false,"showSkybox":true,"showFlares":true,"showImageEffects":true,"showParticleSystems":true},"in2DMode":false,"pivot":{"x":494.8086853027344,"y":86.3734359741211,"z":20.781707763671876},"rotation":{"x":0.15005908906459809,"y":0.012718399986624718,"z":-0.002142544835805893,"w":0.9888814687728882},"size":140.69476318359376,"orthographic":true}