{"cameraMode":{"drawMode":0,"name":"Shaded","section":"Shading Mode"},"sceneLighting":true,"audioPlay":false,"sceneViewState":{"showFog":true,"showMaterialUpdate":false,"showSkybox":true,"showFlares":true,"showImageEffects":true,"showParticleSystems":true},"in2DMode":false,"pivot":{"x":29.8779296875,"y":6.7548828125,"z":36.74951171875},"rotation":{"x":0.28850436210632326,"y":0.5109362602233887,"z":-0.18343038856983186,"w":0.7897729873657227},"size":19.870073318481447,"orthographic":true}