{"cameraMode":{"drawMode":0,"name":"Shaded","section":"Shading Mode"},"sceneLighting":true,"audioPlay":false,"sceneViewState":{"showFog":true,"showMaterialUpdate":false,"showSkybox":true,"showFlares":true,"showImageEffects":true,"showParticleSystems":true},"in2DMode":false,"pivot":{"x":24.156999588012697,"y":5.091599941253662,"z":30.916000366210939},"rotation":{"x":0.2093285620212555,"y":0.4563468396663666,"z":-0.11138451844453812,"w":0.8576265573501587},"size":0.19678789377212525,"orthographic":true}