{"cameraMode":{"drawMode":0,"name":"Shaded","section":"Shading Mode"},"sceneLighting":true,"audioPlay":false,"sceneViewState":{"showFog":true,"showMaterialUpdate":false,"showSkybox":true,"showFlares":true,"showImageEffects":true,"showParticleSystems":true},"in2DMode":false,"pivot":{"x":5.406114101409912,"y":0.458099365234375,"z":10.316158294677735},"rotation":{"x":0.03691380098462105,"y":0.7484527826309204,"z":-0.660839319229126,"w":0.04180769622325897},"size":8.09554672241211,"orthographic":false}