{"cameraMode":{"drawMode":0,"name":"Shaded","section":"Shading Mode"},"sceneLighting":true,"audioPlay":false,"sceneViewState":{"showFog":true,"showMaterialUpdate":false,"showSkybox":true,"showFlares":true,"showImageEffects":true,"showParticleSystems":true},"in2DMode":false,"pivot":{"x":26.225914001464845,"y":1.0475448369979859,"z":14.913325309753418},"rotation":{"x":0.3699692487716675,"y":0.40356481075286868,"z":-0.18284019827842713,"w":0.8165958523750305},"size":3.3160741329193117,"orthographic":false}