{"cameraMode":{"drawMode":0,"name":"Shaded","section":"Shading Mode"},"sceneLighting":true,"audioPlay":false,"sceneViewState":{"showFog":true,"showMaterialUpdate":false,"showSkybox":true,"showFlares":true,"showImageEffects":true,"showParticleSystems":true},"in2DMode":false,"pivot":{"x":10.188491821289063,"y":5.012487888336182,"z":10.160873413085938},"rotation":{"x":0.03797532245516777,"y":0.9291222095489502,"z":-0.09960640966892243,"w":0.35419556498527529},"size":5.211236000061035,"orthographic":true}