{"cameraMode":{"drawMode":0,"name":"Shaded","section":"Shading Mode"},"sceneLighting":false,"audioPlay":false,"sceneViewState":{"showFog":true,"showMaterialUpdate":false,"showSkybox":false,"showFlares":true,"showImageEffects":true,"showParticleSystems":true},"in2DMode":false,"pivot":{"x":0.7566490173339844,"y":0.45059794187545779,"z":0.2861901521682739},"rotation":{"x":0.05565430223941803,"y":0.942370593547821,"z":-0.19968685507774354,"w":0.26263779401779177},"size":0.36042743921279909,"orthographic":false}