{"cameraMode":{"drawMode":0,"name":"Shaded","section":"Shading Mode"},"sceneLighting":false,"audioPlay":false,"sceneViewState":{"showFog":true,"showMaterialUpdate":false,"showSkybox":false,"showFlares":true,"showImageEffects":true,"showParticleSystems":true},"in2DMode":false,"pivot":{"x":-11.81197738647461,"y":-0.5534508228302002,"z":-0.4092845916748047},"rotation":{"x":-0.08395608514547348,"y":0.117145836353302,"z":-0.009789608418941498,"w":-0.9898297190666199},"size":0.6234532594680786,"orthographic":true}