{"cameraMode":{"drawMode":0,"name":"Shaded","section":"Shading Mode"},"sceneLighting":true,"audioPlay":false,"sceneViewState":{"showFog":true,"showMaterialUpdate":false,"showSkybox":true,"showFlares":true,"showImageEffects":true,"showParticleSystems":true},"in2DMode":false,"pivot":{"x":559.0845336914063,"y":53.79298782348633,"z":0.0},"rotation":{"x":-0.3831915259361267,"y":0.015791064128279687,"z":-0.006552151869982481,"w":-0.9235110282897949},"size":145.8545379638672,"orthographic":false}