{"cameraMode":{"drawMode":0,"name":"Shaded","section":"Shading Mode"},"sceneLighting":true,"audioPlay":false,"sceneViewState":{"showFog":true,"showMaterialUpdate":false,"showSkybox":true,"showFlares":true,"showImageEffects":true,"showParticleSystems":true},"in2DMode":false,"pivot":{"x":46.25453567504883,"y":5.850483417510986,"z":26.46501922607422},"rotation":{"x":0.5097110867500305,"y":0.07822723686695099,"z":-0.04659797251224518,"w":0.8555362820625305},"size":1.4229390621185303,"orthographic":false}