{"cameraMode":{"drawMode":0,"name":"Shaded","section":"Shading Mode"},"sceneLighting":true,"audioPlay":false,"sceneViewState":{"showFog":true,"showMaterialUpdate":false,"showSkybox":true,"showFlares":true,"showImageEffects":true,"showParticleSystems":true},"in2DMode":false,"pivot":{"x":28.134172439575197,"y":5.09353494644165,"z":14.146915435791016},"rotation":{"x":-0.1556326150894165,"y":0.5557019710540772,"z":-0.10638667643070221,"w":-0.8100761771202087},"size":1.6978117227554322,"orthographic":true}