{"cameraMode":{"drawMode":0,"name":"Shaded","section":"Shading Mode"},"sceneLighting":true,"audioPlay":false,"sceneViewState":{"showFog":true,"showMaterialUpdate":false,"showSkybox":true,"showFlares":true,"showImageEffects":true,"showParticleSystems":true},"in2DMode":false,"pivot":{"x":24.7533016204834,"y":5.334199905395508,"z":30.918672561645509},"rotation":{"x":0.18323470652103425,"y":0.7741775512695313,"z":-0.25940996408462527,"w":0.5480409264564514},"size":0.48663797974586489,"orthographic":true}