{"cameraMode":{"drawMode":0,"name":"Shaded","section":"Shading Mode"},"sceneLighting":false,"audioPlay":false,"sceneViewState":{"showFog":true,"showMaterialUpdate":false,"showSkybox":false,"showFlares":true,"showImageEffects":true,"showParticleSystems":true},"in2DMode":false,"pivot":{"x":33.89645767211914,"y":5.148654937744141,"z":16.05511474609375},"rotation":{"x":-0.026801250874996187,"y":-0.9327941536903381,"z":0.07093214243650437,"w":-0.3523882329463959},"size":0.38198062777519228,"orthographic":true}