{"cameraMode":{"drawMode":0,"name":"Shaded","section":"Shading Mode"},"sceneLighting":true,"audioPlay":false,"sceneViewState":{"showFog":true,"showMaterialUpdate":false,"showSkybox":false,"showFlares":true,"showImageEffects":true,"showParticleSystems":true},"in2DMode":false,"pivot":{"x":8.137456893920899,"y":6.362298011779785,"z":8.482430458068848},"rotation":{"x":0.14855808019638062,"y":-0.7468777298927307,"z":0.17803215980529786,"w":0.6232463717460632},"size":3.95723295211792,"orthographic":false}