{"cameraMode":{"drawMode":0,"name":"Shaded","section":"Shading Mode"},"sceneLighting":true,"audioPlay":false,"sceneViewState":{"showFog":true,"showMaterialUpdate":false,"showSkybox":true,"showFlares":true,"showImageEffects":true,"showParticleSystems":true},"in2DMode":false,"pivot":{"x":25.427532196044923,"y":6.20404052734375,"z":29.03497314453125},"rotation":{"x":0.3287579119205475,"y":0.05508536472916603,"z":-0.016119204461574556,"w":0.943560004234314},"size":0.5088425874710083,"orthographic":true}