{"cameraMode":{"drawMode":0,"name":"Shaded","section":"Shading Mode"},"sceneLighting":true,"audioPlay":false,"sceneViewState":{"showFog":true,"showMaterialUpdate":false,"showSkybox":true,"showFlares":true,"showImageEffects":true,"showParticleSystems":true},"in2DMode":false,"pivot":{"x":2.6500191688537599,"y":5.845633506774902,"z":43.20370864868164},"rotation":{"x":0.4357014000415802,"y":0.08095231652259827,"z":-0.036526553332805637,"w":0.8966381549835205},"size":0.8633148670196533,"orthographic":true}