{"cameraMode":{"drawMode":0,"name":"Shaded","section":"Shading Mode"},"sceneLighting":false,"audioPlay":false,"sceneViewState":{"showFog":true,"showMaterialUpdate":false,"showSkybox":false,"showFlares":true,"showImageEffects":true,"showParticleSystems":true},"in2DMode":false,"pivot":{"x":-0.15549999475479127,"y":-0.00009999983012676239,"z":0.02160000056028366},"rotation":{"x":-0.052358247339725497,"y":0.944831907749176,"z":-0.26301634311676028,"w":-0.18808667361736298},"size":0.023270154371857644,"orthographic":false}