{"cameraMode":{"drawMode":0,"name":"Shaded","section":"Shading Mode"},"sceneLighting":false,"audioPlay":false,"sceneViewState":{"showFog":true,"showMaterialUpdate":false,"showSkybox":false,"showFlares":true,"showImageEffects":true,"showParticleSystems":true},"in2DMode":false,"pivot":{"x":33.89645767211914,"y":5.148654937744141,"z":16.05511474609375},"rotation":{"x":0.023319456726312639,"y":-0.9290595054626465,"z":0.05944506451487541,"w":0.36441129446029665},"size":0.5087539553642273,"orthographic":true}