{"cameraMode":{"drawMode":0,"name":"Shaded","section":"Shading Mode"},"sceneLighting":true,"audioPlay":false,"sceneViewState":{"showFog":true,"showMaterialUpdate":false,"showSkybox":true,"showFlares":true,"showImageEffects":true,"showParticleSystems":true},"in2DMode":false,"pivot":{"x":40.90800094604492,"y":5.2714996337890629,"z":35.10799789428711},"rotation":{"x":0.01658179797232151,"y":0.9807963371276856,"z":-0.09622830897569657,"w":0.1690768450498581},"size":0.7526305913925171,"orthographic":true}