{"cameraMode":{"drawMode":0,"name":"Shaded","section":"Shading Mode"},"sceneLighting":true,"audioPlay":false,"sceneViewState":{"showFog":true,"showMaterialUpdate":false,"showSkybox":true,"showFlares":true,"showImageEffects":true,"showParticleSystems":true},"in2DMode":false,"pivot":{"x":4.303190231323242,"y":5.096831321716309,"z":41.109947204589847},"rotation":{"x":0.21820585429668427,"y":0.579450249671936,"z":-0.16467903554439546,"w":0.7677924036979675},"size":3.206695556640625,"orthographic":true}