{"cameraMode":{"drawMode":0,"name":"Shaded","section":"Shading Mode"},"sceneLighting":true,"audioPlay":false,"sceneViewState":{"showFog":true,"showMaterialUpdate":false,"showSkybox":true,"showFlares":true,"showImageEffects":true,"showParticleSystems":true},"in2DMode":false,"pivot":{"x":3.726217269897461,"y":-0.7365398406982422,"z":19.758686065673829},"rotation":{"x":0.03691380098462105,"y":0.7484527826309204,"z":-0.660839319229126,"w":0.04180769622325897},"size":10.802520751953125,"orthographic":false}