{"cameraMode":{"drawMode":0,"name":"Shaded","section":"Shading Mode"},"sceneLighting":false,"audioPlay":false,"sceneViewState":{"showFog":true,"showMaterialUpdate":false,"showSkybox":false,"showFlares":true,"showImageEffects":true,"showParticleSystems":true},"in2DMode":false,"pivot":{"x":-11.045000076293946,"y":-0.05310346931219101,"z":-14.211788177490235},"rotation":{"x":0.23683243989944459,"y":0.7210809588432312,"z":-0.29386988282203677,"w":0.5810803771018982},"size":10.0,"orthographic":true}