{"cameraMode":{"drawMode":0,"name":"Shaded","section":"Shading Mode"},"sceneLighting":false,"audioPlay":false,"sceneViewState":{"showFog":true,"showMaterialUpdate":false,"showSkybox":false,"showFlares":true,"showImageEffects":true,"showParticleSystems":true},"in2DMode":false,"pivot":{"x":-11.7083740234375,"y":-0.17529296875,"z":0.021884918212890626},"rotation":{"x":0.03436005115509033,"y":-0.08773278445005417,"z":0.0030280097853392364,"w":0.995547354221344},"size":1.5839937925338746,"orthographic":true}