{"cameraMode":{"drawMode":0,"name":"Shaded","section":"Shading Mode"},"sceneLighting":true,"audioPlay":false,"sceneViewState":{"showFog":true,"showMaterialUpdate":false,"showSkybox":true,"showFlares":true,"showImageEffects":true,"showParticleSystems":true},"in2DMode":false,"pivot":{"x":40.6126708984375,"y":5.14892578125,"z":35.29962158203125},"rotation":{"x":-0.03825685381889343,"y":-0.966232180595398,"z":0.16208359599113465,"w":-0.20131702721118928},"size":0.8012142777442932,"orthographic":true}