{"cameraMode":{"drawMode":0,"name":"Shaded","section":"Shading Mode"},"sceneLighting":true,"audioPlay":false,"sceneViewState":{"showFog":true,"showMaterialUpdate":false,"showSkybox":true,"showFlares":true,"showImageEffects":true,"showParticleSystems":true},"in2DMode":false,"pivot":{"x":2.732149600982666,"y":5.160233497619629,"z":44.27772521972656},"rotation":{"x":0.21820585429668427,"y":0.579450249671936,"z":-0.16467903554439546,"w":0.7677924036979675},"size":0.1935298889875412,"orthographic":true}