{"cameraMode":{"drawMode":0,"name":"Shaded","section":"Shading Mode"},"sceneLighting":false,"audioPlay":false,"sceneViewState":{"showFog":true,"showMaterialUpdate":false,"showSkybox":false,"showFlares":true,"showImageEffects":true,"showParticleSystems":true},"in2DMode":false,"pivot":{"x":2.9308905601501467,"y":5.014469146728516,"z":43.607540130615237},"rotation":{"x":0.018297873437404634,"y":0.9815206527709961,"z":-0.1282855123281479,"w":0.14347629249095918},"size":0.08846540749073029,"orthographic":true}