{"cameraMode":{"drawMode":0,"name":"Shaded","section":"Shading Mode"},"sceneLighting":false,"audioPlay":false,"sceneViewState":{"showFog":true,"showMaterialUpdate":false,"showSkybox":false,"showFlares":true,"showImageEffects":true,"showParticleSystems":true},"in2DMode":false,"pivot":{"x":8.20215129852295,"y":-2.412045478820801,"z":3.727341651916504},"rotation":{"x":-0.12291614711284638,"y":-0.03661299869418144,"z":0.004538657143712044,"w":-0.9917465448379517},"size":0.2483772188425064,"orthographic":false}