{"cameraMode":{"drawMode":0,"name":"Shaded","section":"Shading Mode"},"sceneLighting":false,"audioPlay":false,"sceneViewState":{"showFog":true,"showMaterialUpdate":false,"showSkybox":false,"showFlares":true,"showImageEffects":true,"showParticleSystems":true},"in2DMode":false,"pivot":{"x":-0.03956553339958191,"y":-0.3651314079761505,"z":-0.34345996379852297},"rotation":{"x":0.009563223458826542,"y":0.9783574342727661,"z":-0.2014799267053604,"w":0.04640243947505951},"size":0.14593520760536195,"orthographic":true}