{"cameraMode":{"drawMode":0,"name":"Shaded","section":"Shading Mode"},"sceneLighting":true,"audioPlay":false,"sceneViewState":{"showFog":true,"showMaterialUpdate":false,"showSkybox":true,"showFlares":true,"showImageEffects":true,"showParticleSystems":true},"in2DMode":false,"pivot":{"x":-0.05015799403190613,"y":5.123822212219238,"z":23.85462760925293},"rotation":{"x":-0.11853230744600296,"y":-0.0023841506335884334,"z":0.0002848297590389848,"w":-0.9929621815681458},"size":0.2634654641151428,"orthographic":false}