{"cameraMode":{"drawMode":0,"name":"Shaded","section":"Shading Mode"},"sceneLighting":true,"audioPlay":false,"sceneViewState":{"showFog":true,"showMaterialUpdate":false,"showSkybox":true,"showFlares":true,"showImageEffects":true,"showParticleSystems":true},"in2DMode":false,"pivot":{"x":-0.19122269749641419,"y":5.142579078674316,"z":23.853668212890626},"rotation":{"x":0.15011245012283326,"y":0.5293725728988648,"z":-0.09601954370737076,"w":0.8298086524009705},"size":17.783050537109376,"orthographic":true}