{"cameraMode":{"drawMode":0,"name":"Shaded","section":"Shading Mode"},"sceneLighting":false,"audioPlay":false,"sceneViewState":{"showFog":true,"showMaterialUpdate":false,"showSkybox":false,"showFlares":true,"showImageEffects":true,"showParticleSystems":true},"in2DMode":false,"pivot":{"x":-11.716461181640625,"y":-0.5237894058227539,"z":-0.22723492980003358},"rotation":{"x":-0.2033253163099289,"y":0.6168718338012695,"z":-0.1691674292087555,"w":-0.7417023181915283},"size":1.236104965209961,"orthographic":true}