{"cameraMode":{"drawMode":0,"name":"Shaded","section":"Shading Mode"},"sceneLighting":false,"audioPlay":false,"sceneViewState":{"showFog":true,"showMaterialUpdate":false,"showSkybox":false,"showFlares":true,"showImageEffects":true,"showParticleSystems":true},"in2DMode":false,"pivot":{"x":4.460299968719482,"y":5.04918909072876,"z":42.83898162841797},"rotation":{"x":-0.0014387639239430428,"y":0.9856101274490356,"z":-0.1711111068725586,"w":-0.004720880184322596},"size":0.14177444577217103,"orthographic":true}