{"cameraMode":{"drawMode":0,"name":"Shaded","section":"Shading Mode"},"sceneLighting":true,"audioPlay":false,"sceneViewState":{"showFog":true,"showMaterialUpdate":false,"showSkybox":true,"showFlares":true,"showImageEffects":true,"showParticleSystems":true},"in2DMode":false,"pivot":{"x":25.209178924560548,"y":4.714971542358398,"z":32.141883850097659},"rotation":{"x":0.2287846952676773,"y":0.602186918258667,"z":-0.18632298707962037,"w":0.7423378825187683},"size":1.206329345703125,"orthographic":true}