{"cameraMode":{"drawMode":0,"name":"Shaded","section":"Shading Mode"},"sceneLighting":true,"audioPlay":false,"sceneViewState":{"showFog":true,"showMaterialUpdate":false,"showSkybox":true,"showFlares":true,"showImageEffects":true,"showParticleSystems":true},"in2DMode":false,"pivot":{"x":9.80715560913086,"y":7.606710433959961,"z":11.439257621765137},"rotation":{"x":-0.16681943833827973,"y":-0.6235507726669312,"z":0.13801021873950959,"w":-0.7520207166671753},"size":8.449624061584473,"orthographic":true}