{"cameraMode":{"drawMode":0,"name":"Shaded","section":"Shading Mode"},"sceneLighting":false,"audioPlay":false,"sceneViewState":{"showFog":true,"showMaterialUpdate":false,"showSkybox":false,"showFlares":true,"showImageEffects":true,"showParticleSystems":true},"in2DMode":false,"pivot":{"x":0.0,"y":0.3700000047683716,"z":0.15999996662139893},"rotation":{"x":0.28776732087135317,"y":0.5807130932807922,"z":-0.23020699620246888,"w":0.7259791493415833},"size":2.314509868621826,"orthographic":true}