{"cameraMode":{"drawMode":0,"name":"Shaded","section":"Shading Mode"},"sceneLighting":false,"audioPlay":false,"sceneViewState":{"showFog":true,"showMaterialUpdate":false,"showSkybox":false,"showFlares":true,"showImageEffects":true,"showParticleSystems":true},"in2DMode":false,"pivot":{"x":36.76507568359375,"y":4.926025390625,"z":21.592041015625},"rotation":{"x":0.037660352885723117,"y":0.9030266404151917,"z":-0.08095163106918335,"w":0.42029398679733279},"size":1.7589664459228516,"orthographic":true}