{"cameraMode":{"drawMode":0,"name":"Shaded","section":"Shading Mode"},"sceneLighting":true,"audioPlay":false,"sceneViewState":{"showFog":true,"showMaterialUpdate":false,"showSkybox":true,"showFlares":true,"showImageEffects":true,"showParticleSystems":true},"in2DMode":false,"pivot":{"x":14.500988960266114,"y":3.190408706665039,"z":14.429933547973633},"rotation":{"x":-0.04019879922270775,"y":-0.9404020309448242,"z":0.3158186674118042,"w":-0.11968669295310974},"size":5.357558250427246,"orthographic":false}