{"cameraMode":{"drawMode":0,"name":"Shaded","section":"Shading Mode"},"sceneLighting":true,"audioPlay":false,"sceneViewState":{"showFog":true,"showMaterialUpdate":false,"showSkybox":true,"showFlares":true,"showImageEffects":true,"showParticleSystems":true},"in2DMode":false,"pivot":{"x":9.604148864746094,"y":5.224536895751953,"z":10.88200569152832},"rotation":{"x":0.060451969504356387,"y":0.9289607405662537,"z":-0.16927820444107057,"w":0.32578837871551516},"size":2.3798398971557619,"orthographic":true}