{"cameraMode":{"drawMode":0,"name":"Shaded","section":"Shading Mode"},"sceneLighting":true,"audioPlay":false,"sceneViewState":{"showFog":true,"showMaterialUpdate":false,"showSkybox":true,"showFlares":true,"showImageEffects":true,"showParticleSystems":true},"in2DMode":false,"pivot":{"x":25.74778938293457,"y":5.334199905395508,"z":30.66674041748047},"rotation":{"x":-0.37002620100975039,"y":-0.11282140761613846,"z":0.045504696667194369,"w":-0.9214046597480774},"size":3.3877828121185304,"orthographic":true}