{"cameraMode":{"drawMode":0,"name":"Shaded","section":"Shading Mode"},"sceneLighting":true,"audioPlay":false,"sceneViewState":{"showFog":true,"showMaterialUpdate":false,"showSkybox":true,"showFlares":true,"showImageEffects":true,"showParticleSystems":true},"in2DMode":false,"pivot":{"x":2.9797892570495607,"y":5.334199905395508,"z":43.84873962402344},"rotation":{"x":0.18323470652103425,"y":0.7741775512695313,"z":-0.25940996408462527,"w":0.5480409264564514},"size":4.418071746826172,"orthographic":true}