{"cameraMode":{"drawMode":0,"name":"Shaded","section":"Shading Mode"},"sceneLighting":true,"audioPlay":false,"sceneViewState":{"showFog":true,"showMaterialUpdate":false,"showSkybox":true,"showFlares":true,"showImageEffects":true,"showParticleSystems":true},"in2DMode":false,"pivot":{"x":29.49468994140625,"y":5.755126953125,"z":14.103271484375},"rotation":{"x":0.047408174723386767,"y":0.8000088334083557,"z":-0.06371832638978958,"w":0.5947690606117249},"size":1.0593669414520264,"orthographic":true}