{"cameraMode":{"drawMode":0,"name":"Shaded","section":"Shading Mode"},"sceneLighting":true,"audioPlay":false,"sceneViewState":{"showFog":true,"showMaterialUpdate":false,"showSkybox":true,"showFlares":true,"showImageEffects":true,"showParticleSystems":true},"in2DMode":false,"pivot":{"x":31.137889862060548,"y":6.345978260040283,"z":16.22396469116211},"rotation":{"x":0.23683243989944459,"y":0.7210809588432312,"z":-0.29386988282203677,"w":0.5810803771018982},"size":0.4080173671245575,"orthographic":true}