{"cameraMode":{"drawMode":0,"name":"Shaded","section":"Shading Mode"},"sceneLighting":false,"audioPlay":false,"sceneViewState":{"showFog":true,"showMaterialUpdate":false,"showSkybox":false,"showFlares":true,"showImageEffects":true,"showParticleSystems":true},"in2DMode":false,"pivot":{"x":8.199752807617188,"y":-2.4252657890319826,"z":3.726200580596924},"rotation":{"x":0.060451969504356387,"y":0.9289607405662537,"z":-0.16927820444107057,"w":0.32578837871551516},"size":0.16857632994651795,"orthographic":true}