{"cameraMode":{"drawMode":0,"name":"Shaded","section":"Shading Mode"},"sceneLighting":true,"audioPlay":false,"sceneViewState":{"showFog":true,"showMaterialUpdate":false,"showSkybox":true,"showFlares":true,"showImageEffects":true,"showParticleSystems":true},"in2DMode":false,"pivot":{"x":1.7190885543823243,"y":2.817439079284668,"z":16.431148529052736},"rotation":{"x":-0.35175079107284548,"y":0.329224169254303,"z":-0.13372252881526948,"w":-0.86603182554245},"size":5.624871730804443,"orthographic":false}