{"cameraMode":{"drawMode":0,"name":"Shaded","section":"Shading Mode"},"sceneLighting":true,"audioPlay":false,"sceneViewState":{"showFog":true,"showMaterialUpdate":false,"showSkybox":true,"showFlares":true,"showImageEffects":true,"showParticleSystems":true},"in2DMode":false,"pivot":{"x":1.7516731023788453,"y":5.343924522399902,"z":42.69015884399414},"rotation":{"x":-0.009330332279205323,"y":-0.9783478379249573,"z":0.20178455114364625,"w":-0.04523611068725586},"size":3.5095348358154299,"orthographic":true}