{"cameraMode":{"drawMode":0,"name":"Shaded","section":"Shading Mode"},"sceneLighting":false,"audioPlay":false,"sceneViewState":{"showFog":true,"showMaterialUpdate":false,"showSkybox":false,"showFlares":true,"showImageEffects":true,"showParticleSystems":true},"in2DMode":false,"pivot":{"x":25.51894187927246,"y":5.204453945159912,"z":30.494081497192384},"rotation":{"x":-0.013049489818513394,"y":-0.9910703897476196,"z":0.11979319900274277,"w":-0.07159633189439774},"size":0.09840840846300125,"orthographic":true}