{"cameraMode":{"drawMode":0,"name":"Shaded","section":"Shading Mode"},"sceneLighting":true,"audioPlay":false,"sceneViewState":{"showFog":true,"showMaterialUpdate":false,"showSkybox":true,"showFlares":true,"showImageEffects":true,"showParticleSystems":true},"in2DMode":false,"pivot":{"x":32.21934127807617,"y":7.02824068069458,"z":18.193166732788087},"rotation":{"x":-0.38154587149620058,"y":0.30839893221855166,"z":-0.13673074543476106,"w":-0.8606008291244507},"size":1.8274366855621338,"orthographic":false}