{"cameraMode":{"drawMode":0,"name":"Shaded","section":"Shading Mode"},"sceneLighting":false,"audioPlay":false,"sceneViewState":{"showFog":true,"showMaterialUpdate":false,"showSkybox":false,"showFlares":true,"showImageEffects":true,"showParticleSystems":true},"in2DMode":false,"pivot":{"x":37.5703125,"y":5.42266845703125,"z":20.46856689453125},"rotation":{"x":0.14716999232769013,"y":0.7474497556686401,"z":-0.17653581500053407,"w":0.6233550906181336},"size":1.4819204807281495,"orthographic":true}