{"cameraMode":{"drawMode":0,"name":"Shaded","section":"Shading Mode"},"sceneLighting":true,"audioPlay":false,"sceneViewState":{"showFog":true,"showMaterialUpdate":false,"showSkybox":true,"showFlares":true,"showImageEffects":true,"showParticleSystems":true},"in2DMode":false,"pivot":{"x":35.60075378417969,"y":4.67225980758667,"z":33.18729782104492},"rotation":{"x":0.03109585866332054,"y":-0.8438962697982788,"z":0.0484626479446888,"w":0.53380286693573},"size":12.598108291625977,"orthographic":true}