{"cameraMode":{"drawMode":0,"name":"Shaded","section":"Shading Mode"},"sceneLighting":false,"audioPlay":false,"sceneViewState":{"showFog":true,"showMaterialUpdate":false,"showSkybox":false,"showFlares":true,"showImageEffects":true,"showParticleSystems":true},"in2DMode":false,"pivot":{"x":32.875587463378909,"y":5.0681281089782719,"z":22.248008728027345},"rotation":{"x":0.3716420829296112,"y":-0.20890271663665772,"z":0.08564364910125733,"w":0.9007503390312195},"size":0.2308349609375,"orthographic":true}