{"cameraMode":{"drawMode":0,"name":"Shaded","section":"Shading Mode"},"sceneLighting":true,"audioPlay":false,"sceneViewState":{"showFog":true,"showMaterialUpdate":false,"showSkybox":true,"showFlares":true,"showImageEffects":true,"showParticleSystems":true},"in2DMode":false,"pivot":{"x":43.50008010864258,"y":4.632230281829834,"z":3.298236131668091},"rotation":{"x":0.02906736545264721,"y":0.9511024355888367,"z":-0.2926477789878845,"w":0.09446784853935242},"size":12.203218460083008,"orthographic":false}